1	Central	All India / Central	Central Information Commission	Recruitment / vacancies	https://cic.gov.in/all-recruitement	cic.gov.in
2	Central	All India / Central	Bhabha Atomic Research Centre	Recruitment / vacancies	https://barc.gov.in/careers/recruitment.html	barc.gov.in
3	Central	All India / Central	Bureau of Indian Standards	Recruitment / vacancies	https://www.bis.gov.in/career-opportunities/1961-2/?lang=en	www.bis.gov.in
4	Central	All India / Central	Ministry of Steel	Recruitment / vacancies	https://steel.gov.in/vacancy	steel.gov.in
5	Central	All India / Central	Indian Academy of Highway Engineers	Recruitment / vacancies	https://iahe.morth.gov.in/en/careers	iahe.morth.gov.in
6	Central	All India / Central	Central Reserve Police Force	Recruitment / vacancies	https://crpf.gov.in/Recruitments/Recruitment-Details	crpf.gov.in
7	Central	All India / Central	Indian Space Research Organisation	Recruitment / vacancies	https://www.isro.gov.in/CurrentOpportunities.html	www.isro.gov.in
8	Central	All India / Central	Department of Defence Production	Recruitment / vacancies	https://www.ddpmod.gov.in/en/offerings/careers	www.ddpmod.gov.in
9	Central	All India / Central	India Meteorological Department	Recruitment / vacancies	https://internal.imd.gov.in/pages/recruits_mausam.php	internal.imd.gov.in
10	Central	All India / Central	India Post	Recruitment / vacancies	https://www.indiapost.gov.in/vacancies	www.indiapost.gov.in
11	Central	All India / Central	India Post — West Bengal Circle	Recruitment / vacancies	https://westbengalpost.gov.in/RECRUITMENT	westbengalpost.gov.in
12	Central	All India / Central	Ministry of Heavy Industries	Recruitment / vacancies	https://heavyindustries.gov.in/en/job-opportunites	heavyindustries.gov.in
13	Central	All India / Central	Ministry of Civil Aviation	Recruitment / vacancies	https://www.civilaviation.gov.in/tenders-notices/recruitment	www.civilaviation.gov.in
14	Central	All India / Central	Ministry of New and Renewable Energy	Recruitment / vacancies	https://mnre.gov.in/en/notice-category/recruitments/	mnre.gov.in
15	Central	All India / Central	National Institute for Empowerment of Persons with Visual Disabilities	Recruitment / vacancies	https://niepvd.nic.in/new-advertisements/	niepvd.nic.in
16	Central	All India / Central	NITI Aayog — vacancy circulars	Recruitment / vacancies	https://www.niti.gov.in/work-niti/vacancy-circular	www.niti.gov.in
17	Central	All India / Central	Sashastra Seema Bal — advertisement news	Advertisements	https://recruitment.ssb.gov.in/adv_newsUrl	recruitment.ssb.gov.in
18	Central	All India / Central	Sashastra Seema Bal — recruitment notifications	Recruitment / vacancies	https://recruitment.ssb.gov.in/notificationUrl	recruitment.ssb.gov.in
19	Central	All India / Central	SVNIRTAR Website	Recruitment / vacancies	https://www.svnirtar.nic.in/document-category/recruitment/	www.svnirtar.nic.in
20	Central	All India / Central	Recruitment Notice – AIIMS Bhubaneswar	Recruitment / vacancies	https://aiimsbhubaneswar.nic.in/recruitment-notice/	aiimsbhubaneswar.nic.in
21	Central	All India / Central	Composite Regional Centre, Tripura	Recruitment / vacancies	https://crcagartala.nic.in/recruitments/	crcagartala.nic.in
22	Central	All India / Central	Directorate General of Lighthouses And Lightships	Recruitment / vacancies	https://dgll.nic.in/recruitment	dgll.nic.in
23	Central	All India / Central	VMMC and Safdarjung Hospital	Recruitment / vacancies	https://vmmc-sjh.mohfw.gov.in/regular-and-deputation-etc-posts-recruitment	vmmc-sjh.mohfw.gov.in
24	Central	All India / Central	Serious Fraud Investigation Office	Recruitment / vacancies	https://sfio.gov.in/document-category/vacancies/	sfio.gov.in
25	Central	All India / Central	Sashastra Seema Bal — advertisements	Advertisements	https://recruitment.ssb.gov.in/advertisementsUrl	recruitment.ssb.gov.in
26	Central	All India / Central	Supreme Court of India	Recruitment / vacancies	https://www.sci.gov.in/recruitments/	www.sci.gov.in
27	Central	All India / Central	Union Public Service Commission — active examinations	Exam notifications	https://www.upsc.gov.in/examinations/active-exams	www.upsc.gov.in
28	Central	All India / Central	Union Public Service Commission — recruitment advertisements	Advertisements	https://www.upsc.gov.in/recruitment/recruitment-advertisement	www.upsc.gov.in
29	Central	All India / Central	Cabinet Secretariat	Recruitment / vacancies	https://cabsec.gov.in/vacancies/	cabsec.gov.in
30	Central	All India / Central	Defence Research and Development Organisation	Recruitment / vacancies	https://drdo.gov.in/drdo/offerings/vacancies	drdo.gov.in